,date,close,high,low,open,volume,adjClose,adjHigh,adjLow,adjOpen,adjVolume,divCash,splitFactor
0,2023-01-03T00:00:00.000Z,89.7,91.55,89.02,89.83,20738457,89.4788744661,91.3243139061,88.8005507801,89.6085539943,20738457,0.0,1.0
1,2023-01-04T00:00:00.000Z,88.71,91.24,87.8,91.01,27046483,88.491314982,91.015078108,87.5835582846,90.7856450966,27046483,0.0,1.0
2,2023-01-05T00:00:00.000Z,86.77,88.21,86.56,88.07,23136084,86.5560974072,87.9925475658,86.3466150924,87.8528926893,23136084,0.0,1.0
3,2023-01-06T00:00:00.000Z,88.16,88.47,85.57,87.36,26612628,87.9426708242,88.2519066223,85.3590556083,87.1446429583,26612628,0.0,1.0
4,2023-01-09T00:00:00.000Z,88.8,90.83,88.58,89.195,22996681,88.581093117,90.6060888267,88.3616354538,88.9751193758,22996681,0.0,1.0
5,2023-01-10T00:00:00.000Z,89.24,89.475,86.7,86.72,22855590,89.0200084432,89.2544291288,86.4862699689,86.5062206656,22855590,0.0,1.0
6,2023-01-11T00:00:00.000Z,92.26,92.45,89.74,90.06,25998844,92.0325636371,92.2220952552,89.5187758594,89.8379870058,25998844,0.0,1.0
7,2023-01-12T00:00:00.000Z,91.91,92.62,90.57,92.4,22754216,91.6834264457,92.3916761767,90.3467297703,92.1722185136,22754216,0.0,1.0
8,2023-01-13T00:00:00.000Z,92.8,92.98,90.93,91.528,18630709,92.5712324466,92.7507887164,90.70584231,91.3023681397,18630709,0.0,1.0
9,2023-01-17T00:00:00.000Z,92.16,92.97,90.84,92.78,22935823,91.9328101538,92.7408133681,90.6160641751,92.5512817499,22935823,0.0,1.0
10,2023-01-18T00:00:00.000Z,91.78,93.588,91.4,92.94,19641622,91.5537469175,93.3572898945,91.1746836812,92.7108873231,19641622,0.0,1.0
11,2023-01-19T00:00:00.000Z,93.91,94.4,91.38,91.39,28707653,93.6784961105,94.1672881784,91.1547329846,91.1647083329,28707653,0.0,1.0
12,2023-01-20T00:00:00.000Z,99.28,99.42,95.91,95.95,53704763,99.0352581605,99.174913037,95.6735657753,95.7134671686,53704763,0.0,1.0
13,2023-01-23T00:00:00.000Z,101.21,101.4,98.75,99.13,31791782,100.960500387,101.1500320052,98.5065646993,98.8856279356,31791782,0.0,1.0
14,2023-01-24T00:00:00.000Z,99.21,101.09,98.7,99.55,27391372,98.9654307222,100.8407962071,98.4566879577,99.3045925652,27391372,0.0,1.0
15,2023-01-25T00:00:00.000Z,96.73,97.72,95.262,97.2,31000850,96.4915443379,97.479103822,95.0271632039,96.9603857091,31000850,0.0,1.0
16,2023-01-26T00:00:00.000Z,99.16,99.21,96.82,98.28,24542060,98.9155539806,98.9654307222,96.5813224728,98.0377233281,24542060,0.0,1.0
17,2023-01-27T00:00:00.000Z,100.71,101.58,98.97,99.05,29020354,100.4617329708,101.329588275,98.7260223625,98.805825149,29020354,0.0,1.0
18,2023-01-30T00:00:00.000Z,97.95,99.4088,97.52,98.745,24365142,97.7085368334,99.1637406469,97.2795968555,98.5015770252,24365142,0.0,1.0
19,2023-01-31T00:00:00.000Z,99.87,99.91,97.79,97.86,22306778,99.6238037116,99.6637051049,97.5489312602,97.6187586985,22306778,0.0,1.0
20,2023-02-01T00:00:00.000Z,101.43,102.1899,98.42,99.74,26392568,101.1799580502,101.9379847693,98.1773782046,99.4941241834,26392568,0.0,1.0
21,2023-02-02T00:00:00.000Z,108.8,108.82,106.54,106.79,46622627,108.5317897649,108.5517404616,106.2773610437,106.5267447518,46622627,0.0,1.0
22,2023-02-03T00:00:00.000Z,105.22,108.02,103.3,103.51,36823421,104.9606150649,107.7537125957,103.0453481867,103.2548305015,36823421,0.0,1.0
23,2023-02-06T00:00:00.000Z,103.47,104.7,102.21,102.685,25573046,103.2149291082,104.4418969521,101.9580352194,102.4318642648,25573046,0.0,1.0
24,2023-02-07T00:00:00.000Z,108.04,108.67,103.5475,103.63,33738828,107.7736632923,108.4021102367,103.2922380578,103.3745346814,33738828,0.0,1.0
25,2023-02-08T00:00:00.000Z,100.0,103.58,98.455,102.69,73546029,99.7534832398,103.3246579398,98.2122919238,102.436851939,73546029,0.0,1.0
26,2023-02-09T00:00:00.000Z,95.46,100.61,93.86,100.54,97798573,95.2246751007,100.3619794876,93.6286193689,100.2921520493,97798573,0.0,1.0
27,2023-02-10T00:00:00.000Z,94.86,97.02,94.53,95.74,49325275,94.6261542013,96.7808294393,94.2969677066,95.5039848538,49325275,0.0,1.0
28,2023-02-13T00:00:00.000Z,95.0,95.35,94.05,95.01,43116559,94.7658090778,95.1149462692,93.8181509871,94.7757844262,43116559,0.0,1.0
29,2023-02-14T00:00:00.000Z,94.95,95.175,92.65,94.66,42513079,94.7159323362,94.9403776735,92.4216022217,94.4266472348,42513079,0.0,1.0
30,2023-02-15T00:00:00.000Z,97.1,97.34,94.36,94.74,37029885,96.8606322259,97.1000405856,94.1273867851,94.5064500214,37029885,0.0,1.0
31,2023-02-16T00:00:00.000Z,95.78,97.88,94.97,95.54,35642106,95.5438862471,97.6387093951,94.7358830329,95.3044778873,35642106,0.0,1.0
32,2023-02-17T00:00:00.000Z,94.59,95.75,93.45,95.07,31095067,94.3568197966,95.5139602021,93.2196300876,94.8356365161,31095067,0.0,1.0
33,2023-02-21T00:00:00.000Z,92.05,93.4149,92.0,93.24,28367198,91.8230813223,93.184616615,91.7732045806,93.0101477728,28367198,0.0,1.0
34,2023-02-22T00:00:00.000Z,91.8,92.36,90.87,91.934,29891135,91.5736976142,92.1323171203,90.64599022,91.7073672817,29891135,0.0,1.0
35,2023-02-23T00:00:00.000Z,91.07,92.13,90.01,92.13,32423720,90.8454971865,91.9028841089,89.7881102642,91.9028841089,32423720,0.0,1.0
36,2023-02-24T00:00:00.000Z,89.35,90.13,88.86,89.63,31295619,89.1297372748,89.9078144441,88.6409452069,89.4090470279,31295619,0.0,1.0
37,2023-02-27T00:00:00.000Z,90.1,90.4499,89.61,90.09,22724262,89.8778883991,90.2269258369,89.3890963312,89.8679130508,22724262,0.0,1.0
38,2023-02-28T00:00:00.000Z,90.3,91.45,89.52,89.54,30546912,90.0773953656,91.2245604228,89.2993181963,89.3192688929,30546912,0.0,1.0
39,2023-03-01T00:00:00.000Z,90.51,91.2,89.85,90.16,26323876,90.2868776804,90.9751767147,89.628504691,89.937740489,26323876,0.0,1.0
40,2023-03-02T00:00:00.000Z,92.31,92.48,89.77,89.86,23344562,92.0824403787,92.2520213002,89.5487019044,89.6384800393,23344562,0.0,1.0
41,2023-03-03T00:00:00.000Z,94.02,94.11,92.66,92.74,30242538,93.7882249421,93.878003077,92.43157757,92.5113803566,30242538,0.0,1.0
42,2023-03-06T00:00:00.000Z,95.58,96.3,94.3,94.36,28288206,95.3443792806,96.06260436,94.0675346952,94.1273867851,28288206,0.0,1.0
43,2023-03-07T00:00:00.000Z,94.17,96.09,93.8443,95.42,24101536,93.9378551669,95.8531220451,93.612958072,95.1847737074,24101536,0.0,1.0
44,2023-03-08T00:00:00.000Z,94.65,96.24,94.405,94.405,25395200,94.4166718865,96.00275227,94.1722758526,94.1722758526,25395200,0.0,1.0
45,2023-03-09T00:00:00.000Z,92.66,95.92,92.355,94.49,24438890,92.43157757,95.6835411236,92.1273294461,94.2570663133,24438890,0.0,1.0
46,2023-03-10T00:00:00.000Z,91.01,93.18,90.8,92.5,32850092,90.7856450966,92.9502956829,90.5761627818,92.2719719968,32850092,0.0,1.0
47,2023-03-13T00:00:00.000Z,91.66,93.08,89.94,90.565,31508570,91.4340427376,92.8505421996,89.7182828259,90.3417420961,31508570,0.0,1.0
48,2023-03-14T00:00:00.000Z,94.25,94.83,92.78,93.07,32303881,94.0176579535,94.5962281563,92.5512817499,92.8405668513,32303881,0.0,1.0
49,2023-03-15T00:00:00.000Z,96.55,97.25,93.04,93.54,38367334,96.3119880681,97.0102624507,92.8106408063,93.3094082225,38367334,0.0,1.0
50,2023-03-16T00:00:00.000Z,101.07,101.97,95.87,96.57,54588200,100.8208455105,101.7186268597,95.633664382,96.3319387647,54588200,0.0,1.0
51,2023-03-17T00:00:00.000Z,102.46,103.49,100.75,100.84,76140310,102.2074189275,103.2348798049,100.5016343641,100.591412499,76140310,0.0,1.0
52,2023-03-20T00:00:00.000Z,101.93,102.58,100.79,101.06,26033916,101.6787254664,102.3271231074,100.5415357574,100.8108701622,26033916,0.0,1.0
53,2023-03-21T00:00:00.000Z,105.84,105.96,101.86,101.98,33122800,105.579086661,105.6987908409,101.6088980281,101.728602208,33122800,0.0,1.0
54,2023-03-22T00:00:00.000Z,104.22,107.51,104.21,105.14,32336877,103.9630802325,107.2449698311,103.9531048842,104.8808122784,32336877,0.0,1.0
55,2023-03-23T00:00:00.000Z,106.26,107.1009,105.41,105.89,31385817,105.9980512906,106.8368783312,105.1501466831,105.6289634027,31385817,0.0,1.0
56,2023-03-24T00:00:00.000Z,106.06,106.16,104.74,105.74,25245010,105.7985443242,105.8982978074,104.4817983454,105.4793331778,25245010,0.0,1.0
57,2023-03-27T00:00:00.000Z,103.06,105.4,102.63,105.32,25393417,102.805939827,105.1401713348,102.376999849,105.0603685482,25393417,0.0,1.0
58,2023-03-28T00:00:00.000Z,101.36,103.0,100.28,103.0,24913480,101.1101306119,102.746087737,100.0327929929,102.746087737,24913480,0.0,1.0
59,2023-03-29T00:00:00.000Z,101.9,102.82,101.03,102.72,26148300,101.6487994214,102.5665314672,100.7809441172,102.4667779839,26148300,0.0,1.0
60,2023-03-30T00:00:00.000Z,101.32,101.61,100.29,101.44,25009829,101.0702292186,101.35951432,100.0427683412,101.1899333985,25009829,0.0,1.0
61,2023-03-31T00:00:00.000Z,104.0,104.19,101.44,101.71,28107953,103.7436225694,103.9331541876,101.1899333985,101.4592678032,28107953,0.0,1.0
62,2023-04-03T00:00:00.000Z,104.91,104.95,102.38,102.67,20719861,104.6513792669,104.6912806602,102.1276161409,102.4169012423,20719861,0.0,1.0
63,2023-04-04T00:00:00.000Z,105.12,106.1,104.6,104.84,20377231,104.8608615817,105.8384457175,104.3421434689,104.5815518286,20377231,0.0,1.0
64,2023-04-05T00:00:00.000Z,104.95,106.54,104.1021,106.12,21864200,104.6912806602,106.2773610437,103.8454708758,105.8583964141,21864200,0.0,1.0
65,2023-04-06T00:00:00.000Z,108.9,109.63,104.815,105.77,34684150,108.6315432482,109.3597436758,104.5566134578,105.5092592228,34684150,0.0,1.0
66,2023-04-10T00:00:00.000Z,106.95,107.97,105.6,107.39,19741517,106.686350325,107.703835854,105.3396783013,107.1252656512,19741517,0.0,1.0
67,2023-04-11T00:00:00.000Z,106.12,107.22,105.28,106.92,18721278,105.8583964141,106.9556847297,105.0204671549,106.65642428,18721278,0.0,1.0
68,2023-04-12T00:00:00.000Z,105.22,107.5874,104.97,107.39,22761569,104.9606150649,107.3221790272,104.7112313568,107.1252656512,22761569,0.0,1.0
69,2023-04-13T00:00:00.000Z,108.19,108.265,106.44,106.47,21650747,107.9232935172,107.9981086296,106.1776075605,106.2075336054,21650747,0.0,1.0
70,2023-04-14T00:00:00.000Z,109.46,109.58,107.59,107.69,20758686,109.1901627543,109.3098669342,107.3247726177,107.424526101,20758686,0.0,1.0
71,2023-04-17T00:00:00.000Z,106.42,106.71,105.32,105.43,28978949,106.1576568638,106.4469419652,105.0603685482,105.1700973797,28978949,0.0,1.0
72,2023-04-18T00:00:00.000Z,105.12,107.05,104.78,107.0,17641369,104.8608615817,106.7861038082,104.5216997387,106.7362270666,17641369,0.0,1.0
73,2023-04-19T00:00:00.000Z,105.02,105.725,103.8,104.215,16732016,104.7611080985,105.4643701553,103.5441156029,103.9580925584,16732016,0.0,1.0
74,2023-04-20T00:00:00.000Z,105.9,106.8875,104.64,104.65,22515331,105.638938751,106.624004398,104.3820448622,104.3920202105,22515331,0.0,1.0
75,2023-04-21T00:00:00.000Z,105.91,106.64,105.485,106.09,22379018,105.6489140993,106.3771145269,105.2249617955,105.8284703691,22379018,0.0,1.0
76,2023-04-24T00:00:00.000Z,106.78,107.32,105.36,106.05,21410908,106.5167694035,107.055438213,105.1002699415,105.7885689758,21410908,0.0,1.0
77,2023-04-25T00:00:00.000Z,104.61,107.44,104.56,106.61,31408119,104.3521188172,107.1751423929,104.3022420756,106.347188482,31408119,0.0,1.0
78,2023-04-26T00:00:00.000Z,104.45,107.02,103.27,105.56,36630202,104.192513244,106.7561777633,103.0154221418,105.299776908,36630202,0.0,1.0
79,2023-04-27T00:00:00.000Z,108.37,109.15,104.42,105.23,38235220,108.102849787,108.8809269563,104.162587199,104.9705904133,38235220,0.0,1.0
80,2023-04-28T00:00:00.000Z,108.22,108.29,106.04,107.8,23957872,107.9532195621,108.0230470004,105.7785936275,107.5342549325,23957872,0.0,1.0
81,2023-05-01T00:00:00.000Z,107.71,108.68,107.5,107.72,20926259,107.4444767976,108.412085585,107.2349944828,107.4544521459,20926259,0.0,1.0
82,2023-05-02T00:00:00.000Z,105.98,107.73,104.5,107.66,20343116,105.7187415376,107.4644274943,104.2423899856,107.394600056,20343116,0.0,1.0
83,2023-05-03T00:00:00.000Z,106.12,108.13,105.62,106.22,17116333,105.8583964141,107.8634414272,105.3596289979,105.9581498973,17116333,0.0,1.0
84,2023-05-04T00:00:00.000Z,105.21,106.3,104.7,106.16,19780637,104.9506397166,106.0379526839,104.4418969521,105.8982978074,19780637,0.0,1.0
85,2023-05-05T00:00:00.000Z,106.215,106.44,104.7386,105.32,20710627,105.9531622232,106.1776075605,104.4804017966,105.0603685482,20710627,0.0,1.0
86,2023-05-08T00:00:00.000Z,108.24,108.42,105.79,105.795,17266021,107.9731702588,108.1527265286,105.5292099194,105.5341975936,17266021,0.0,1.0
87,2023-05-09T00:00:00.000Z,107.94,110.595,107.725,108.78,24782442,107.6739098091,110.3223647891,107.4594398201,108.5118390683,24782442,0.0,1.0
88,2023-05-10T00:00:00.000Z,112.28,113.51,108.48,108.55,47533463,112.0032109817,113.2301788255,108.2125786186,108.2824060568,47533463,0.0,1.0
89,2023-05-11T00:00:00.000Z,116.9,118.44,114.9301,115.86,57115075,116.6118219074,118.1480255492,114.646778041,115.5743856817,57115075,0.0,1.0
90,2023-05-12T00:00:00.000Z,117.92,118.26,116.55,117.0,31293778,117.6293074364,117.9684692794,116.262684716,116.7115753906,31293778,0.0,1.0
91,2023-05-15T00:00:00.000Z,116.96,118.795,116.48,116.49,22107865,116.6716739973,118.5021504148,116.1928572777,116.2028326261,22107865,0.0,1.0
92,2023-05-16T00:00:00.000Z,120.09,121.2,116.83,116.83,32370113,119.7939580227,120.9012216867,116.5419944691,116.5419944691,32370113,0.0,1.0
93,2023-05-17T00:00:00.000Z,121.48,122.28,119.46,120.18,26659564,121.1805314397,121.9785593057,119.1655110783,119.8837361576,26659564,0.0,1.0
94,2023-05-18T00:00:00.000Z,123.52,123.9,121.49,121.56,27014468,123.2155024978,123.5945657341,121.1905067881,121.2603342263,27014468,0.0,1.0
95,2023-05-19T00:00:00.000Z,123.25,126.479,122.72,124.2,30268864,122.9461680931,126.1672080669,122.4174746319,123.8938261839,30268864,0.0,1.0
96,2023-05-22T00:00:00.000Z,125.87,127.05,123.45,123.51,29760236,125.559709354,126.7368004562,123.1456750596,123.2055271495,29760236,0.0,1.0
97,2023-05-23T00:00:00.000Z,123.29,125.42,123.05,124.93,24477945,122.9860694864,125.1108186794,122.7466611266,124.6220266115,24477945,0.0,1.0
98,2023-05-24T00:00:00.000Z,121.64,122.7499,120.75,121.88,23087925,121.3401370129,122.4473009234,120.4523310121,121.5795453727,23087925,0.0,1.0
99,2023-05-25T00:00:00.000Z,124.35,125.98,122.9,125.21,33812730,124.0434564087,125.6694381855,122.5970309017,124.9013363646,33812730,0.0,1.0
100,2023-05-26T00:00:00.000Z,125.43,126.0,123.29,124.065,25169036,125.1207940277,125.6893888822,122.9860694864,123.7591589815,25169036,0.0,1.0
101,2023-05-30T00:00:00.000Z,124.64,126.38,122.89,126.29,27230726,124.3327415101,126.0684521185,122.5870555534,125.9786739836,27230726,0.0,1.0
102,2023-05-31T00:00:00.000Z,123.37,124.9,123.1,123.7,41478777,123.065872273,124.5921005665,122.7965378682,123.3950587677,41478777,0.0,1.0
103,2023-06-01T00:00:00.000Z,124.37,125.04,123.3,123.5,25017674,124.0634071054,124.7317554431,122.9960448347,123.1955518012,25017674,0.0,1.0
104,2023-06-02T00:00:00.000Z,125.23,126.745,124.35,124.49,19367453,124.9212870612,126.4325523323,124.0434564087,124.1831112853,19367453,0.0,1.0
105,2023-06-05T00:00:00.000Z,126.63,127.99,124.38,124.61,22672516,126.3178358266,127.6744831987,124.0733824537,124.3028154651,22672516,0.0,1.0
106,2023-06-06T00:00:00.000Z,127.91,128.88,125.97,126.6,19450128,127.5946804121,128.5622891995,125.6594628372,126.2879097816,19450128,0.0,1.0
107,2023-06-07T00:00:00.000Z,122.94,129.55,122.63,127.575,34179348,122.636932295,129.2306375372,122.327696497,127.2605062432,34179348,0.0,1.0
108,2023-06-08T00:00:00.000Z,122.67,123.73,122.01,122.585,24814996,122.3675978903,123.4249848126,121.7092249009,122.2828074295,24814996,0.0,1.0
109,2023-06-09T00:00:00.000Z,122.87,124.285,122.42,122.56,20313676,122.5671048568,123.9786166446,122.1182141822,122.2578690587,20313676,0.0,1.0
110,2023-06-12T00:00:00.000Z,124.35,124.75,122.35,123.395,22289632,124.0434564087,124.4424703417,122.0483867439,123.0908106438,22289632,0.0,1.0
111,2023-06-13T00:00:00.000Z,124.43,125.86,123.845,125.65,19287650,124.1232591953,125.5497340056,123.5397013184,125.3402516908,19287650,0.0,1.0
112,2023-06-14T00:00:00.000Z,124.38,124.79,122.16,123.8,24659620,124.0733824537,124.482371735,121.8588551258,123.4948122509,24659620,0.0,1.0
113,2023-06-15T00:00:00.000Z,125.79,126.16,123.14,123.88,24517071,125.4799065674,125.8489944554,122.8364392615,123.5746150375,24517071,0.0,1.0
114,2023-06-16T00:00:00.000Z,124.06,126.7,123.79,126.7,56699200,123.7541713073,126.3876632649,123.4848369026,126.3876632649,56699200,0.0,1.0
115,2023-06-20T00:00:00.000Z,123.85,125.175,122.83,123.535,22698028,123.5446889925,124.8664226455,122.5272034635,123.2304655203,22698028,0.0,1.0
116,2023-06-21T00:00:00.000Z,121.26,123.41,120.86,123.235,22612002,120.9610737766,123.1057736663,120.5620598437,122.9312050706,22612002,0.0,1.0
117,2023-06-22T00:00:00.000Z,123.87,123.935,119.6,120.66,20781888,123.5646396892,123.6294794533,119.3051659548,120.3625528772,20781888,0.0,1.0
118,2023-06-23T00:00:00.000Z,123.02,123.44,121.86,122.04,29573123,122.7167350816,123.1356997112,121.5595946761,121.7391509459,29573123,0.0,1.0
119,2023-06-26T00:00:00.000Z,119.09,122.72,118.99,121.4656,23184961,118.7964231903,122.4174746319,118.6966697071,121.1661669382,23184961,0.0,1.0
120,2023-06-27T00:00:00.000Z,119.01,119.895,116.91,117.84,27221714,118.7166204037,119.5994387304,116.6217972557,117.5495046498,27221714,0.0,1.0
121,2023-06-28T00:00:00.000Z,121.08,121.27,117.6,117.96,19753145,120.7815175068,120.9710491249,117.31009629,117.6692088297,19753145,0.0,1.0
122,2023-06-29T00:00:00.000Z,120.01,120.91,119.21,120.09,18517458,119.7141552361,120.6119365853,118.9161273702,119.7939580227,18517458,0.0,1.0
123,2023-06-30T00:00:00.000Z,120.97,122.03,120.88,121.1,23871764,120.6717886752,121.7291755976,120.5820105403,120.8014682034,23871764,0.0,1.0
124,2023-07-03T00:00:00.000Z,120.56,121.02,119.705,120.32,13888262,120.2627993939,120.7216654168,119.4099071122,120.0233910342,13888262,0.0,1.0
125,2023-07-05T00:00:00.000Z,122.63,123.37,120.06,120.06,17830347,122.327696497,123.065872273,119.7640319777,119.7640319777,17830347,0.0,1.0
126,2023-07-06T00:00:00.000Z,120.93,121.1499,119.2499,120.64,17750181,120.6318872819,120.8512451916,118.95592901,120.3426021805,17750181,0.0,1.0
127,2023-07-07T00:00:00.000Z,120.14,121.75,120.09,120.89,20997665,119.8438347643,121.4498658445,119.7939580227,120.5919858886,20997665,0.0,1.0
128,2023-07-10T00:00:00.000Z,116.87,119.07,116.64,119.07,32960078,116.5818958624,118.7764724937,116.3524628509,118.7764724937,32960078,0.0,1.0
129,2023-07-11T00:00:00.000Z,117.71,118.225,115.83,116.76,18286571,117.4198251216,117.9335555603,115.5444596367,116.4721670308,18286571,0.0,1.0
130,2023-07-12T00:00:00.000Z,119.62,120.96,119.0,119.3,22059611,119.3251166515,120.6618133269,118.7066450554,119.0059055051,22059611,0.0,1.0
131,2023-07-13T00:00:00.000Z,124.83,125.335,121.06,121.54,31535853,124.5222731283,125.0260282186,120.7615668101,121.2403835297,31535853,0.0,1.0
132,2023-07-14T00:00:00.000Z,125.7,127.09,124.9,125.13,20499780,125.3901284325,126.7767018495,124.5921005665,124.821533578,20499780,0.0,1.0
133,2023-07-17T00:00:00.000Z,125.06,127.28,124.5,126.06,20675297,124.7517061397,126.9662334676,124.1930866336,125.7492409721,20675297,0.0,1.0
134,2023-07-18T00:00:00.000Z,124.08,124.99,123.3,124.905,21071248,123.774122004,124.6818787015,122.9960448347,124.5970882407,21071248,0.0,1.0
135,2023-07-19T00:00:00.000Z,122.78,125.47,122.47,124.79,22313803,122.4773267219,125.160695421,122.1680909238,124.482371735,22313803,0.0,1.0
136,2023-07-20T00:00:00.000Z,119.53,124.7,118.685,122.12,27541711,119.2353385166,124.3925936001,118.3924215832,121.8189537325,27541711,0.0,1.0
137,2023-07-21T00:00:00.000Z,120.31,121.3,119.07,120.87,56514645,120.0134156858,121.0009751699,118.7764724937,120.572035192,56514645,0.0,1.0
138,2023-07-24T00:00:00.000Z,121.88,123.35,121.38,121.926,22312220,121.5795453727,123.0459215763,121.0807779565,121.625431975,22312220,0.0,1.0
139,2023-07-25T00:00:00.000Z,122.79,123.69,121.53,121.88,31820846,122.4873020702,123.3850834193,121.2304081814,121.5795453727,31820846,0.0,1.0
140,2023-07-26T00:00:00.000Z,129.66,131.37,128.71,130.36,46216895,129.3403663688,131.0461509322,128.392708278,130.0386407514,46216895,0.0,1.0
141,2023-07-27T00:00:00.000Z,129.87,133.6,129.18,131.8,35931612,129.5498486836,133.2706536084,128.8615496492,131.4750909101,35931612,0.0,1.0
142,2023-07-28T00:00:00.000Z,133.01,134.07,130.92,130.97,26971011,132.6821080573,133.7394949796,130.5972602576,130.6471369992,26971011,0.0,1.0
143,2023-07-31T00:00:00.000Z,133.11,133.83,132.13,133.01,18381891,132.7818615405,133.5000866199,131.8042774048,132.6821080573,18381891,0.0,1.0
144,2023-08-01T00:00:00.000Z,131.89,132.92,130.75,130.855,22219012,131.564869045,132.5923299224,130.4276793361,130.5324204935,22219012,0.0,1.0
145,2023-08-02T00:00:00.000Z,128.64,130.42,127.85,129.84,22705778,128.3228808397,130.0984928414,127.5348283221,129.5199226386,22705778,0.0,1.0
146,2023-08-03T00:00:00.000Z,128.77,129.77,127.775,128.37,15086132,128.4525603679,129.4500952003,127.4600132097,128.053546435,15086132,0.0,1.0
147,2023-08-04T00:00:00.000Z,128.54,131.93,128.315,129.6,20521852,128.2231273565,131.6047704383,127.9986820192,129.2805142788,20521852,0.0,1.0
148,2023-08-07T00:00:00.000Z,131.94,132.06,129.43,129.51,17621041,131.6147457866,131.7344499665,129.1109333573,129.1907361439,17621041,0.0,1.0
149,2023-08-08T00:00:00.000Z,131.84,131.94,130.13,130.98,16835952,131.5149923034,131.6147457866,129.80920774,130.6571123475,16835952,0.0,1.0
150,2023-08-09T00:00:00.000Z,130.15,132.47,129.505,132.19,17745218,129.8291584366,132.1434392478,129.1857484697,131.8641294947,17745218,0.0,1.0
151,2023-08-10T00:00:00.000Z,130.21,132.647,130.035,131.97,17855681,129.8890105266,132.3200029131,129.7144419309,131.6446718316,17855681,0.0,1.0
152,2023-08-11T00:00:00.000Z,130.17,130.44,128.75,129.202,15205465,129.8491091333,130.118443538,128.4326096713,128.8834954155,15205465,0.0,1.0
153,2023-08-14T00:00:00.000Z,131.83,131.91,129.59,129.85,17526195,131.5050169551,131.5848197417,129.2705389305,129.5298979869,17526195,0.0,1.0
154,2023-08-15T00:00:00.000Z,130.27,131.99,129.819,131.59,14769173,129.9488626165,131.6646225282,129.4989744071,131.2656085953,14769173,0.0,1.0
155,2023-08-16T00:00:00.000Z,129.11,130.8975,128.46,129.28,17548355,128.7917222109,130.5748157239,128.1433245699,128.9613031324,17548355,0.0,1.0
156,2023-08-17T00:00:00.000Z,130.46,132.4913,129.85,130.45,23665562,130.1383942347,132.1646867397,129.5298979869,130.1284188864,23665562,0.0,1.0
157,2023-08-18T00:00:00.000Z,128.11,129.83,127.0,129.06,23627202,127.7941873785,129.5099472903,126.6869237146,128.7418454693,23627202,0.0,1.0
158,2023-08-21T00:00:00.000Z,128.93,129.26,127.16,127.85,21851070,128.6121659411,128.9413524358,126.8465292878,127.5348283221,21851070,0.0,1.0
159,2023-08-22T00:00:00.000Z,129.69,130.95,128.925,129.13,15569373,129.3702924137,130.6271863026,128.6071782669,128.8116729076,15569373,0.0,1.0
160,2023-08-23T00:00:00.000Z,133.21,134.07,130.51,130.85,26497027,132.8816150238,133.7394949796,130.1882709763,130.5274328193,26497027,0.0,1.0
161,2023-08-24T00:00:00.000Z,130.42,134.97,130.3,134.7272,18680381,130.0984928414,134.6372763288,129.9787886615,134.3950748715,18680381,0.0,1.0
162,2023-08-25T00:00:00.000Z,130.69,131.4,128.04,130.14,20678096,130.3678272461,131.0760769771,127.7243599403,129.8191830883,20678096,0.0,1.0
163,2023-08-28T00:00:00.000Z,131.79,133.24,130.85,132.08,16715467,131.4651155618,132.9115410687,130.5274328193,131.7544006632,16715467,0.0,1.0
164,2023-08-29T00:00:00.000Z,135.49,137.295,132.98,132.9981,30803265,135.1559944416,136.9565448141,132.6521820123,132.6702373928,30803265,0.0,1.0
165,2023-08-30T00:00:00.000Z,136.93,137.25,135.021,135.57,21773356,136.5924446003,136.9116557467,134.6881506052,135.2357972282,21773356,0.0,1.0
166,2023-08-31T00:00:00.000Z,137.35,138.4,136.82,137.05,28147850,137.0114092299,138.0588208039,136.4827157687,136.7121487802,28147850,0.0,1.0
167,2023-09-01T00:00:00.000Z,136.8,138.58,135.94,138.43,16671647,136.4627650721,138.2383770737,135.6048851162,138.0887468489,16671647,0.0,1.0
168,2023-09-05T00:00:00.000Z,136.71,137.37,135.56,136.44,17730218,136.3729869372,137.0313599265,135.2258218799,136.1036525324,17730218,0.0,1.0
169,2023-09-06T00:00:00.000Z,135.37,137.48,134.69,137.015,15814327,135.0362902618,137.1410887581,134.3579665757,136.677235061,15814327,0.0,1.0
170,2023-09-07T00:00:00.000Z,136.2,136.58,133.9601,134.6,16975956,135.8642441726,136.243307409,133.6298659016,134.2681884408,16975956,0.0,1.0
171,2023-09-08T00:00:00.000Z,137.2,137.515,135.87,135.87,17820005,136.861779005,137.1760024772,135.5350576779,135.5350576779,17820005,0.0,1.0
172,2023-09-11T00:00:00.000Z,137.74,138.2638,136.55,137.38,17180755,137.4004478145,137.9229565597,136.213381364,137.0413352749,17180755,0.0,1.0
173,2023-09-12T00:00:00.000Z,136.07,137.64,135.93,137.13,15212934,135.7345646444,137.3006943313,135.5949097679,136.7919515668,15212934,0.0,1.0
174,2023-09-13T00:00:00.000Z,137.5,137.7,134.93,135.9,16394915,137.1610394548,137.3605464212,134.5973749355,135.5649837229,16394915,0.0,1.0
175,2023-09-14T00:00:00.000Z,138.99,139.55,137.06,138.39,19064607,138.647366355,139.2059858612,136.7221241285,138.0488454556,19064607,0.0,1.0
176,2023-09-15T00:00:00.000Z,138.3,139.36,137.18,138.8,48958837,137.9590673207,139.016454243,136.8418283084,138.4578347369,48958837,0.0,1.0
177,2023-09-18T00:00:00.000Z,138.96,139.93,137.63,137.63,16233590,138.6174403101,139.5850490975,137.290718983,137.290718983,16233590,0.0,1.0
178,2023-09-19T00:00:00.000Z,138.83,139.175,137.5,138.25,15484644,138.4877607818,138.831910299,137.1610394548,137.9091905791,15484644,0.0,1.0
179,2023-09-20T00:00:00.000Z,134.59,138.84,134.52,138.83,21473533,134.2582130925,138.4977361302,134.1883856542,138.4877607818,21473533,0.0,1.0
180,2023-09-21T00:00:00.000Z,131.36,133.19,131.09,132.39,22058375,131.0361755838,132.8616643271,130.7668411791,132.0636364612,22058375,0.0,1.0
181,2023-09-22T00:00:00.000Z,131.25,133.01,130.51,131.68,17355284,130.9264467523,132.6821080573,130.1882709763,131.3553867302,17355284,0.0,1.0
182,2023-09-25T00:00:00.000Z,132.17,132.22,130.03,130.77,14650032,131.8441787981,131.8940555397,129.7094542567,130.4476300327,14650032,0.0,1.0
183,2023-09-26T00:00:00.000Z,129.45,131.405,128.19,130.914,20378789,129.130884054,131.0810646513,127.8739901651,130.5912750486,20378789,0.0,1.0
184,2023-09-27T00:00:00.000Z,131.46,131.72,129.38,129.44,18764201,131.1359290671,131.3952881235,129.0610566157,129.1209087056,18764201,0.0,1.0
185,2023-09-28T00:00:00.000Z,133.13,134.1799,130.69,130.69,18201389,132.8018122372,133.8491240577,130.3678272461,130.3678272461,18201389,0.0,1.0
186,2023-09-29T00:00:00.000Z,131.85,134.89,131.32,134.08,23237336,131.5249676517,134.5574735422,130.9962741905,133.749470328,23237336,0.0,1.0
187,2023-10-02T00:00:00.000Z,135.17,135.36,132.065,132.155,19210394,134.8367832953,135.0263149134,131.7394376407,131.8292157756,19210394,0.0,1.0
188,2023-10-03T00:00:00.000Z,133.3,135.24,132.815,134.93,19628736,132.9713931587,134.9066107335,132.487588765,134.5973749355,19628736,0.0,1.0
189,2023-10-04T00:00:00.000Z,136.27,136.57,133.43,133.66,22847987,135.9340716109,136.2333320606,133.1010726869,133.3305056984,22847987,0.0,1.0
190,2023-10-05T00:00:00.000Z,135.99,136.5,134.455,136.13,15922944,135.6547618578,136.1635046224,134.1235458901,135.7944167344,15922944,0.0,1.0
191,2023-10-06T00:00:00.000Z,138.73,139.1857,134.94,134.94,20826683,138.3880072986,138.8425839217,134.6073502838,134.6073502838,20826683,0.0,1.0
192,2023-10-09T00:00:00.000Z,139.5,139.97,136.7,137.99,16599099,139.1561091196,139.6249504908,136.3630115888,137.6498315226,16599099,0.0,1.0
193,2023-10-10T00:00:00.000Z,139.2,140.74,138.43,139.51,19554916,138.8568486698,140.3930523117,138.0887468489,139.1660844679,19554916,0.0,1.0
194,2023-10-11T00:00:00.000Z,141.7,142.22,139.84,139.85,20146341,141.3506857508,141.8694038637,139.4952709626,139.5052463109,20146341,0.0,1.0
195,2023-10-12T00:00:00.000Z,140.29,142.38,139.45,142.16,18173107,139.9441616371,142.0290094369,139.1062323779,141.8095517737,18173107,0.0,1.0
196,2023-10-13T00:00:00.000Z,138.58,141.34,137.97,140.65,19447565,138.2383770737,140.9915732112,137.629880826,140.3032741768,19447565,0.0,1.0
197,2023-10-16T00:00:00.000Z,140.49,140.905,139.32,139.73,17345556,140.1436686036,140.5576455591,138.9765528497,139.385542131,17345556,0.0,1.0
198,2023-10-17T00:00:00.000Z,140.99,141.25,138.5287,140.03,17424024,140.6424360198,140.9017950763,138.1872035368,139.6848025807,17424024,0.0,1.0
199,2023-10-18T00:00:00.000Z,139.28,141.99,138.705,140.75,18304869,138.9366514564,141.6399708522,138.3630689278,140.4030276601,18304869,0.0,1.0
200,2023-10-19T00:00:00.000Z,138.98,141.005,138.6,139.8,21831181,138.6373910067,140.6573990423,138.2583277704,139.4553695693,21831181,0.0,1.0
201,2023-10-20T00:00:00.000Z,136.74,139.04,136.245,138.59,24970263,136.4029129821,138.6972430967,135.9091332401,138.2483524221,24970263,0.0,1.0
202,2023-10-23T00:00:00.000Z,137.9,139.02,135.11,136.23,20780665,137.5600533877,138.6772924,134.7769312053,135.8941702176,20780665,0.0,1.0
203,2023-10-24T00:00:00.000Z,140.12,140.7099,138.75,139.16,26535198,139.7745807156,140.3630265133,138.4079579953,138.8169472765,26535198,0.0,1.0
204,2023-10-25T00:00:00.000Z,126.67,130.1,126.09,129.77,58796067,126.3577372199,129.779281695,125.7791670171,129.4500952003,58796067,0.0,1.0
205,2023-10-26T00:00:00.000Z,123.44,125.46,122.32,124.47,33907363,123.1356997112,125.1507200727,122.018460699,124.1631605886,33907363,0.0,1.0
206,2023-10-27T00:00:00.000Z,123.4,124.44,121.46,124.03,37367673,123.0957983179,124.1332345436,121.1605807431,123.7242452624,37367673,0.0,1.0
207,2023-10-30T00:00:00.000Z,125.75,126.55,123.88,124.46,24165631,125.4400051741,126.23803304,123.5746150375,124.1531852403,24165631,0.0,1.0
208,2023-10-31T00:00:00.000Z,125.3,126.56,123.925,126.27,21123418,124.9911144995,126.2480083883,123.619504105,125.9587232869,21123418,0.0,1.0
209,2023-11-01T00:00:00.000Z,127.57,127.74,124.925,125.34,26536604,127.255518569,127.4250994906,124.6170389374,125.0310158928,26536604,0.0,1.0
210,2023-11-02T00:00:00.000Z,128.58,130.09,128.11,129.56,24091672,128.2630287498,129.7693063467,127.7941873785,129.2406128855,24091672,0.0,1.0
211,2023-11-03T00:00:00.000Z,130.37,130.73,129.01,129.09,19529448,130.0486160998,130.4077286394,128.6919687277,128.7717715143,19529448,0.0,1.0
212,2023-11-06T00:00:00.000Z,131.45,131.56,129.93,130.22,15360362,131.1259537187,131.2356825503,129.6097007735,129.8989858749,15360362,0.0,1.0
213,2023-11-07T00:00:00.000Z,132.4,133.28,131.14,131.98,19223786,132.0736118095,132.951442462,130.8167179207,131.6546471799,19223786,0.0,1.0
214,2023-11-08T00:00:00.000Z,133.26,133.54,132.16,132.36,15093598,132.9314917654,133.2108015185,131.8342034498,132.0337104162,15093598,0.0,1.0
215,2023-11-09T00:00:00.000Z,131.69,133.96,131.51,133.36,17976533,131.3653620785,133.6297661481,131.1858058087,133.0312452486,17976533,0.0,1.0
216,2023-11-10T00:00:00.000Z,134.06,134.27,130.87,131.53,20879838,133.7295196313,133.9390019461,130.547383516,131.2057565053,20879838,0.0,1.0
217,2023-11-13T00:00:00.000Z,133.64,134.11,132.77,133.36,16409856,133.3105550017,133.7793963729,132.4426996975,133.0312452486,16409856,0.0,1.0
218,2023-11-14T00:00:00.000Z,135.43,137.24,135.1,135.65,22317345,135.0961423517,136.9016803983,134.766955857,135.3156000148,22317345,0.0,1.0
219,2023-11-15T00:00:00.000Z,136.38,136.84,135.33,136.64,15840883,136.0438004425,136.5026664654,134.9963888685,136.3031594989,15840883,0.0,1.0
220,2023-11-16T00:00:00.000Z,138.7,138.8799,136.08,136.96,17615068,138.3580812536,138.53753777,135.7445399928,136.6223706453,17615068,0.0,1.0
221,2023-11-17T00:00:00.000Z,136.94,138.0,135.48,137.82,25590191,136.6024199486,137.659806871,135.1460190933,137.4802506011,25590191,0.0,1.0
222,2023-11-20T00:00:00.000Z,137.92,138.425,135.49,135.5,19589006,137.5800040844,138.0837591747,135.1559944416,135.16596979,19589006,0.0,1.0
223,2023-11-21T00:00:00.000Z,138.62,138.965,137.705,137.94,17648067,138.278278467,138.6224279842,137.3655340954,137.599954781,17648067,0.0,1.0
224,2023-11-22T00:00:00.000Z,140.02,141.1,139.0,139.1,17310209,139.6748272324,140.7521648514,138.6573417034,138.7570951866,17310209,0.0,1.0
225,2023-11-24T00:00:00.000Z,138.22,139.677,137.47,139.54,8828640,137.8792645341,139.3326727849,137.1311134098,139.1960105129,8828640,0.0,1.0
226,2023-11-27T00:00:00.000Z,138.05,139.63,137.54,137.57,17886389,137.7096836126,139.2857886478,137.2009408481,137.230866893,17886389,0.0,1.0
227,2023-11-28T00:00:00.000Z,138.62,138.66,137.04,137.63,17046868,138.278278467,138.3181798603,136.7021734319,137.290718983,17046868,0.0,1.0
228,2023-11-29T00:00:00.000Z,136.4,139.67,136.295,138.985,21014715,136.0637511391,139.3256900411,135.9590099817,138.6423786809,21014715,0.0,1.0
229,2023-11-30T00:00:00.000Z,133.92,136.96,132.79,136.4,29913531,133.5898647548,136.6223706453,132.4626503942,136.0637511391,29913531,0.0,1.0
230,2023-12-01T00:00:00.000Z,133.32,133.5,132.1517,133.32,24267987,132.9913438553,133.1709001252,131.8259239106,132.9913438553,24267987,0.0,1.0
231,2023-12-04T00:00:00.000Z,130.63,131.45,129.4,131.294,24117083,130.3079751562,131.1259537187,129.0810073123,130.9703382849,24117083,0.0,1.0
232,2023-12-05T00:00:00.000Z,132.39,133.54,129.73,130.37,19235145,132.0636364612,133.2108015185,129.410193807,130.0486160998,19235145,0.0,1.0
233,2023-12-06T00:00:00.000Z,131.43,133.31,131.31,132.9,16265640,131.1060030221,132.981368507,130.9862988422,132.5723792257,16265640,0.0,1.0
234,2023-12-07T00:00:00.000Z,138.45,140.0,136.23,136.6,38419426,138.1086975455,139.6548765358,135.8941702176,136.2632581056,38419426,0.0,1.0
235,2023-12-08T00:00:00.000Z,136.64,137.99,135.57,135.66,23016139,136.3031594989,137.6498315226,135.2357972282,135.3255753631,23016139,0.0,1.0
236,2023-12-11T00:00:00.000Z,134.7,134.79,132.89,133.82,24502860,134.367941924,134.457720059,132.5624038774,133.4901112715,24502860,0.0,1.0
237,2023-12-12T00:00:00.000Z,133.64,134.54,132.83,133.27,26583981,133.3105550017,134.2083363509,132.5025517875,132.9414671137,26583981,0.0,1.0
238,2023-12-13T00:00:00.000Z,133.97,134.78,132.95,134.545,25414461,133.6397414964,134.4477447106,132.6222559673,134.213324025,25414461,0.0,1.0
239,2023-12-14T00:00:00.000Z,133.2,135.035,131.06,134.77,29619098,132.8716396754,134.7021160929,130.7369151341,134.4377693623,29619098,0.0,1.0
240,2023-12-15T00:00:00.000Z,133.84,134.83,132.63,132.92,58594004,133.5100619682,134.4976214523,132.303044821,132.5923299224,58594004,0.0,1.0
241,2023-12-18T00:00:00.000Z,137.19,138.38,133.77,133.86,25699767,136.8518036567,138.0388701073,133.4402345299,133.5300126648,25699767,0.0,1.0
242,2023-12-19T00:00:00.000Z,138.1,138.77,137.45,138.0,20601632,137.7595603542,138.4279086919,137.1111627131,137.659806871,20601632,0.0,1.0
243,2023-12-20T00:00:00.000Z,139.66,143.0783,139.41,140.33,33507342,139.3157146927,142.7255880103,139.0663309846,139.9840630304,33507342,0.0,1.0
244,2023-12-21T00:00:00.000Z,141.8,142.03,140.4725,140.77,18101476,141.4504392341,141.6798722455,140.1262117441,140.4229783567,18101476,0.0,1.0
245,2023-12-22T00:00:00.000Z,142.72,143.25,142.055,142.13,18513524,142.3681712799,142.896864741,141.7048106163,141.7796257288,18513524,0.0,1.0
246,2023-12-26T00:00:00.000Z,142.82,143.945,142.5001,142.98,11170066,142.4679247631,143.5901514496,142.1488133702,142.6275303363,11170066,0.0,1.0
247,2023-12-27T00:00:00.000Z,141.44,143.32,141.0512,142.83,17261305,141.0913266944,142.9666921793,140.7034851516,142.4779001114,17261305,0.0,1.0
248,2023-12-28T00:00:00.000Z,141.28,142.27,140.8283,141.85,12192549,140.9317211212,141.9192806053,140.4811346374,141.5003159757,12192549,0.0,1.0
249,2023-12-29T00:00:00.000Z,140.93,141.435,139.9,140.68,14880961,140.5825839299,141.0863390202,139.5551230525,140.3332002218,14880961,0.0,1.0
250,2024-01-02T00:00:00.000Z,139.56,140.6147,137.74,139.6,20071885,139.2159612095,140.2680611972,137.4004478145,139.2558626028,20071885,0.0,1.0
251,2024-01-03T00:00:00.000Z,140.36,141.09,138.43,138.6,18974308,140.0139890754,140.7421895031,138.0887468489,138.2583277704,18974308,0.0,1.0
252,2024-01-04T00:00:00.000Z,138.04,140.635,138.01,139.85,18253331,137.6997082643,140.2883111543,137.6697822193,139.5052463109,18253331,0.0,1.0
253,2024-01-05T00:00:00.000Z,137.39,138.81,136.85,138.352,15140136,137.0513106232,138.4678100852,136.5126418137,138.010939132,15140136,0.0,1.0
254,2024-01-08T00:00:00.000Z,140.53,140.64,137.88,138.0,17645293,140.1835699969,140.2932988285,137.5401026911,137.659806871,17645293,0.0,1.0
255,2024-01-09T00:00:00.000Z,142.56,142.7998,139.79,140.06,19579667,142.2085657067,142.4477745595,139.445394221,139.7147286257,19579667,0.0,1.0
256,2024-01-10T00:00:00.000Z,143.8,144.525,142.46,142.52,16641881,143.4455088989,144.1687216524,142.1088122235,142.1686643134,16641881,0.0,1.0
257,2024-01-11T00:00:00.000Z,143.67,146.66,142.215,144.895,17471130,143.3158293707,146.2984585195,141.8644161895,144.5378095403,17471130,0.0,1.0
258,2024-01-12T00:00:00.000Z,144.24,144.74,143.36,144.34,13998729,143.8844242251,144.3831916413,143.0065935726,143.9841777084,13998729,0.0,1.0
259,2024-01-16T00:00:00.000Z,144.08,145.84,143.0564,143.43,19198939,143.7248186519,145.480479957,142.7037419975,143.0764210109,19198939,0.0,1.0
260,2024-01-17T00:00:00.000Z,142.89,143.41,140.51,142.91,17884548,142.5377522014,143.0564703142,140.1636193003,142.557702898,17884548,0.0,1.0
261,2024-01-18T00:00:00.000Z,144.99,145.585,143.35,143.44,18876800,144.6325753494,145.2261085747,142.9966182243,143.0863963592,18876800,0.0,1.0
262,2024-01-19T00:00:00.000Z,147.97,148.04,145.8,146.305,27181032,147.60522915,147.6750565882,145.4405785637,145.944333654,27181032,0.0,1.0
263,2024-01-22T00:00:00.000Z,147.71,150.015,147.58,148.71,21829232,147.3458700935,149.6451878822,147.2161905653,148.3434049259,21829232,0.0,1.0
264,2024-01-23T00:00:00.000Z,148.68,148.86,147.19,147.72,14113649,148.313478881,148.4930351508,146.8271519807,147.3558454419,14113649,0.0,1.0
265,2024-01-24T00:00:00.000Z,150.35,151.57,149.84,150.29,18892741,149.9793620511,151.1963545466,149.4706192866,149.9195099611,18892741,0.0,1.0
266,2024-01-25T00:00:00.000Z,153.64,154.76,151.22,151.74,21495120,153.2612516497,154.378490662,150.8472173553,151.3659354681,21495120,0.0,1.0
267,2024-01-26T00:00:00.000Z,153.79,154.11,152.8,152.87,19494488,153.4108818745,153.7300930209,152.4233223905,152.4931498287,19494488,0.0,1.0
268,2024-01-29T00:00:00.000Z,154.84,155.2,152.92,153.64,20909258,154.4582934485,154.8174059882,152.5430265703,153.2612516497,20909258,0.0,1.0
269,2024-01-30T00:00:00.000Z,153.05,155.04,152.775,154.01,26578934,152.6727060986,154.657800415,152.3983840196,153.6303395377,26578934,0.0,1.0
270,2024-01-31T00:00:00.000Z,141.8,145.59,141.55,145.39,43908584,141.4504392341,145.2310962489,141.201055526,145.0315892824,43908584,0.0,1.0
271,2024-02-01T00:00:00.000Z,142.71,144.62,142.26,143.69,25526855,142.3581959316,144.2634874614,141.909305257,143.3357800673,25526855,0.0,1.0
272,2024-02-02T00:00:00.000Z,143.54,143.88,138.17,140.89,42136127,143.1861498424,143.5253116855,137.8293877925,140.5426825366,42136127,0.0,1.0
273,2024-02-05T00:00:00.000Z,144.93,146.67,143.91,144.04,29254444,144.5727232595,146.3084338679,143.5552377304,143.6849172586,29254444,0.0,1.0
274,2024-02-06T00:00:00.000Z,145.41,146.74,144.52,145.96,21517655,145.051539979,146.3782613061,144.1637339782,145.6001841368,21517655,0.0,1.0
275,2024-02-07T00:00:00.000Z,146.68,147.0,145.2103,146.12,21436126,146.3184092162,146.6376203625,144.852332273,145.75978971,21436126,0.0,1.0
276,2024-02-08T00:00:00.000Z,147.22,147.61,146.42,146.97,18241319,146.8570780257,147.2461166103,146.0590501598,146.6076943176,18241319,0.0,1.0
277,2024-02-09T00:00:00.000Z,150.22,150.695,147.43,147.95,21877693,149.8496825229,150.3235115683,147.0665603405,147.5852784533,21877693,0.0,1.0
278,2024-02-12T00:00:00.000Z,148.73,150.59,148.56,149.54,17236108,148.3633556226,150.2187704109,148.1937747011,149.1713588368,17236108,0.0,1.0
279,2024-02-13T00:00:00.000Z,146.37,148.04,145.11,146.07,18138482,146.0091734181,147.6750565882,144.7522795293,145.7099129684,18138482,0.0,1.0
280,2024-02-14T00:00:00.000Z,147.14,147.83,145.555,147.37,16651824,146.7772752391,147.4655742734,145.1961825297,147.0067082505,16651824,0.0,1.0
281,2024-02-15T00:00:00.000Z,143.94,144.76,141.88,144.46,26724305,143.5851637754,144.403142338,141.5302420207,144.1038818883,26724305,0.0,1.0
282,2024-02-16T00:00:00.000Z,141.76,144.48,141.52,144.21,21865118,141.4105378408,144.1238325849,141.171129481,143.8544981802,21865118,0.0,1.0
283,2024-02-20T00:00:00.000Z,142.2,143.3285,140.8,140.94,18625589,141.849453167,142.9751712254,140.4529044017,140.5925592782,18625589,0.0,1.0
284,2024-02-21T00:00:00.000Z,143.84,143.98,141.91,142.64,16499584,143.4854102922,143.6250651687,141.5601680656,142.2883684933,16499584,0.0,1.0
285,2024-02-22T00:00:00.000Z,145.32,146.2,144.01,146.12,23024707,144.9617618441,145.8395924966,143.6549912137,145.75978971,23024707,0.0,1.0
286,2024-02-23T00:00:00.000Z,145.29,145.955,144.79,144.97,14519434,144.9318357991,145.5951964627,144.4330683829,144.6126246528,14519434,0.0,1.0
287,2024-02-26T00:00:00.000Z,138.75,143.84,138.74,143.45,33513011,138.4079579953,143.4854102922,138.3979826469,143.0963717075,33513011,0.0,1.0
288,2024-02-27T00:00:00.000Z,140.1,140.49,138.5,139.41,22363981,139.754630019,140.1436686036,138.1585742872,139.0663309846,22363981,0.0,1.0
289,2024-02-28T00:00:00.000Z,137.43,139.28,136.64,139.1,30628702,137.0912120165,138.9366514564,136.3031594989,138.7570951866,30628702,0.0,1.0
290,2024-02-29T00:00:00.000Z,139.78,139.95,137.57,138.35,35485006,139.4354188726,139.6049997941,137.230866893,138.0089440623,35485006,0.0,1.0
291,2024-03-01T00:00:00.000Z,138.08,140.0,137.975,139.61,28551525,137.7396096576,139.6548765358,137.6348685001,139.2658379511,28551525,0.0,1.0
292,2024-03-04T00:00:00.000Z,134.2,136.63,132.86,136.54,43571510,133.8691745078,136.2931841506,132.5324778324,136.2034060157,43571510,0.0,1.0
293,2024-03-05T00:00:00.000Z,133.78,134.02,131.55,132.74,28447550,133.4502098782,133.689618238,131.225707202,132.4127736525,28447550,0.0,1.0
294,2024-03-06T00:00:00.000Z,132.56,134.74,131.95,134.24,23175200,132.2332173827,134.4078433173,131.6247211349,133.9090759011,23175200,0.0,1.0
295,2024-03-07T00:00:00.000Z,135.24,135.82,132.66,133.89,24107282,134.9066107335,135.4851809363,132.332970866,133.5599387098,24107282,0.0,1.0
296,2024-03-08T00:00:00.000Z,136.29,138.985,134.8,135.035,26495160,135.9540223076,138.6423786809,134.4676954073,134.7021160929,26495160,0.0,1.0
297,2024-03-11T00:00:00.000Z,138.94,139.98,137.07,137.07,22462576,138.5974896134,139.6349258391,136.7320994768,136.7320994768,22462576,0.0,1.0
298,2024-03-12T00:00:00.000Z,139.62,140.28,138.21,138.25,18951920,139.2758132994,139.9341862888,137.8692891858,137.9091905791,18951920,0.0,1.0
299,2024-03-13T00:00:00.000Z,140.77,142.19,140.01,140.06,19589151,140.4229783567,141.8394778187,139.6648518841,139.7147286257,19589151,0.0,1.0
300,2024-03-14T00:00:00.000Z,144.34,144.73,141.485,142.3,35991108,143.9841777084,144.373216293,141.1362157619,141.9492066503,35991108,0.0,1.0
301,2024-03-15T00:00:00.000Z,142.17,144.34,141.1301,143.41,41039494,141.8195271221,143.9841777084,140.7821906498,143.0564703142,41039494,0.0,1.0
302,2024-03-18T00:00:00.000Z,148.48,152.93,148.14,149.37,47676689,148.1139719145,152.5530019187,147.7748100715,149.0017779153,47676689,0.0,1.0
303,2024-03-19T00:00:00.000Z,147.92,149.62,147.01,148.98,17748367,147.5553524083,149.2511616234,146.6475957109,148.6127393307,17748367,0.0,1.0
304,2024-03-20T00:00:00.000Z,149.68,149.76,147.665,148.79,17729996,149.3110137134,149.3908165,147.3009810261,148.4232077125,17729996,0.0,1.0
305,2024-03-21T00:00:00.000Z,148.74,151.305,148.0101,150.32,19843915,148.3733309709,150.932007816,147.6452302967,149.9494360061,19843915,0.0,1.0
306,2024-03-22T00:00:00.000Z,151.77,152.56,150.09,150.24,19252925,151.3958615131,152.1839140307,149.7200029947,149.8696332195,19252925,0.0,1.0
307,2024-03-25T00:00:00.000Z,151.15,151.456,148.8,150.95,15114728,150.777389917,151.0826355757,148.4331830609,150.5778829505,15114728,0.0,1.0
308,2024-03-26T00:00:00.000Z,151.7,153.2,151.03,151.24,19312694,151.3260340748,152.8223363234,150.6576857371,150.8671680519,19312694,0.0,1.0
309,2024-03-27T00:00:00.000Z,151.94,152.69,150.13,152.145,16621964,151.5654424346,152.3135935589,149.7599043879,151.7699370752,16621964,0.0,1.0
310,2024-03-28T00:00:00.000Z,152.26,152.67,151.33,152.0,21105628,151.884653581,152.2936428622,150.9569461868,151.6252945245,21105628,0.0,1.0
311,2024-04-01T00:00:00.000Z,156.5,157.0,151.65,151.83,24416137,156.1142012703,156.6129686865,151.2761573332,151.455713603,24416137,0.0,1.0
312,2024-04-02T00:00:00.000Z,155.87,155.99,153.46,154.75,17549140,155.4857543259,155.6054585058,153.0816953798,154.3685153136,17549140,0.0,1.0
313,2024-04-03T00:00:00.000Z,156.37,156.55,154.1321,154.92,16984168,155.9845217421,156.1640780119,153.7521385407,154.5380962351,16984168,0.0,1.0
314,2024-04-04T00:00:00.000Z,151.94,156.18,151.88,155.08,23901697,151.5654424346,155.794990124,151.5055903446,154.6977018083,23901697,0.0,1.0
315,2024-04-05T00:00:00.000Z,153.94,154.84,151.081,151.68,16212049,153.5605120994,154.4582934485,150.7085600136,151.3060833782,16212049,0.0,1.0
316,2024-04-08T00:00:00.000Z,156.14,156.655,153.99,154.015,16280924,155.7550887307,156.2688191693,153.610388841,153.6353272118,16280924,0.0,1.0
317,2024-04-09T00:00:00.000Z,158.14,159.89,156.64,157.35,21435146,157.7501583955,159.4958443522,156.2538561469,156.9621058779,21435146,0.0,1.0
318,2024-04-10T00:00:00.000Z,157.66,158.16,156.2,157.88,16339174,157.2713416759,157.7701090921,155.8149408206,157.490799339,16339174,0.0,1.0
319,2024-04-11T00:00:00.000Z,160.79,161.1199,157.93,158.34,17841703,160.3936257013,160.7227124425,157.5406760807,157.9496653619,17841703,0.0,1.0
320,2024-04-12T00:00:00.000Z,159.19,161.7,158.6,159.405,16989765,158.7975699695,161.3013823988,158.2090244184,159.0120399584,16989765,0.0,1.0
321,2024-04-15T00:00:00.000Z,156.33,160.83,156.15,160.28,21140948,155.9446203488,160.4335270946,155.765064079,159.8848829368,21140948,0.0,1.0
322,2024-04-16T00:00:00.000Z,156.0,157.23,155.05,155.64,15413201,155.6154338541,156.842401698,154.6677757633,155.2563213145,15413201,0.0,1.0
323,2024-04-17T00:00:00.000Z,156.88,158.681,156.135,157.19,16237752,156.4932645066,158.2898247398,155.7501010565,156.8025003047,16237752,0.0,1.0
324,2024-04-18T00:00:00.000Z,157.46,158.485,156.21,156.925,14016065,157.0718347094,158.0943079126,155.8249161689,156.5381535741,14016065,0.0,1.0
325,2024-04-19T00:00:00.000Z,155.72,157.99,153.91,157.75,21479881,155.3361241011,157.6005281706,153.5305860544,157.3611198108,21479881,0.0,1.0
326,2024-04-22T00:00:00.000Z,157.95,159.185,155.66,156.01,17243870,157.5606267773,158.7925822953,155.2762720111,155.6254092025,17243870,0.0,1.0
327,2024-04-23T00:00:00.000Z,159.92,160.48,157.965,158.59,16115408,159.5257703971,160.0843899033,157.5755897998,158.19904907,16115408,0.0,1.0
328,2024-04-24T00:00:00.000Z,161.1,161.39,158.82,159.09,19485694,160.7028614994,160.9921466008,158.4284820815,158.6978164862,19485694,0.0,1.0
329,2024-04-25T00:00:00.000Z,157.95,158.28,152.768,153.36,36197789,157.5606267773,157.889813272,152.3914012758,152.9819418966,36197789,0.0,1.0
330,2024-04-26T00:00:00.000Z,173.69,176.42,171.4,175.99,56500787,173.2618250393,175.9850951317,170.9774702731,175.5561551538,56500787,0.0,1.0
331,2024-04-29T00:00:00.000Z,167.9,171.38,167.06,170.77,35914561,167.4860983597,170.9575195764,166.6481691005,170.3490233286,35914561,0.0,1.0
332,2024-04-30T00:00:00.000Z,164.64,169.87,164.5,167.38,29420755,164.234134806,169.4512419795,164.0944799295,166.9673802468,29420755,0.0,1.0
333,2024-05-01T00:00:00.000Z,165.57,168.81,164.9,166.18,25223245,165.1618422002,168.3938550571,164.4934938625,165.7703384479,25223245,0.0,1.0
334,2024-05-02T00:00:00.000Z,168.46,168.53,165.69,166.67,17041119,168.0447178658,168.1145453041,165.2815463801,166.2591305158,17041119,0.0,1.0
335,2024-05-03T00:00:00.000Z,168.99,169.85,164.98,169.54,22767056,168.573411327,169.4312912828,164.5732966491,169.1220554848,22767056,0.0,1.0
336,2024-05-06T00:00:00.000Z,169.83,169.9,167.89,169.22,15147906,169.4113405862,169.4811680245,167.4761230113,168.8028443384,15147906,0.0,1.0
337,2024-05-07T00:00:00.000Z,172.98,173.47,170.0,170.12,21102434,172.5535753082,173.0423673761,169.5809215077,169.7006256876,21102434,0.0,1.0
338,2024-05-08T00:00:00.000Z,171.16,171.9092,170.522,170.75,14569858,170.7380619133,171.4854150097,170.1016346902,170.329072632,14569858,0.0,1.0
339,2024-05-09T00:00:00.000Z,171.58,172.44,169.93,171.15,11937704,171.1570265429,172.0149064988,169.5110940694,170.728086565,11937704,0.0,1.0
340,2024-05-10T00:00:00.000Z,170.29,171.34,167.91,169.69,18740458,169.8702066091,170.9176181831,167.496073708,169.2716857097,18740458,0.0,1.0
341,2024-05-13T00:00:00.000Z,170.9,170.95,165.76,165.847,19648585,170.4787028569,170.5285795985,165.3513738183,165.4381593488,19648585,0.0,1.0
342,2024-05-14T00:00:00.000Z,171.93,172.78,170.42,171.59,18729463,171.5061637342,172.3540683418,169.9998861373,171.1670018912,18729463,0.0,1.0
343,2024-05-15T00:00:00.000Z,173.88,174.0459,172.03,172.3,20958245,173.4513566574,173.6168476861,171.6059172175,171.8752516222,20958245,0.0,1.0
344,2024-05-16T00:00:00.000Z,175.43,176.34,174.05,174.6,17247311,174.9975356476,175.9052923451,173.6209375789,174.1695817367,17247311,0.0,1.0
345,2024-05-17T00:00:00.000Z,177.29,177.495,174.98,175.55,16546353,176.8529504359,177.0574450765,174.548644973,175.1172398275,16546353,0.0,1.0
346,2024-05-20T00:00:00.000Z,178.46,179.95,177.225,177.31,17495122,178.0200661898,179.5063930901,176.7881106718,176.8729011325,17495122,0.0,1.0
347,2024-05-21T00:00:00.000Z,179.54,179.82,177.31,178.4,14706021,179.0974038088,179.3767135619,176.8729011325,177.9602140998,14706021,0.0,1.0
348,2024-05-22T00:00:00.000Z,178.0,178.852,176.7801,178.4,16189404,177.5612001669,178.4110998441,176.3443074248,177.9602140998,16189404,0.0,1.0
349,2024-05-23T00:00:00.000Z,175.06,179.91,174.54,178.78,14928363,174.6284477596,179.4664916968,174.1097296468,178.3392773362,14928363,0.0,1.0
350,2024-05-24T00:00:00.000Z,176.33,177.3044,175.2,176.52,11403560,175.8953169968,176.8673149375,174.7681026362,176.0848486149,11403560,0.0,1.0
351,2024-05-28T00:00:00.000Z,178.02,178.51,175.68,175.74,15655340,177.5811508635,178.0699429314,175.2469193557,175.3067714457,15655340,0.0,1.0
352,2024-05-29T00:00:00.000Z,177.4,178.23,176.26,176.81,15023847,176.9626792674,177.7906331783,175.8254895585,176.3741337163,15023847,0.0,1.0
353,2024-05-30T00:00:00.000Z,173.56,176.69,173.23,176.69,18844036,173.132145511,176.2544295364,172.8029590163,176.2544295364,18844036,0.0,1.0
354,2024-05-31T00:00:00.000Z,173.96,174.42,170.97,173.4,28085151,173.531159444,173.9900254669,170.5485302951,172.9725399379,28085151,0.0,1.0
355,2024-06-03T00:00:00.000Z,174.42,175.86,172.45,173.88,20742798,173.9900254669,175.4264756256,172.0248818471,173.4513566574,20742798,0.0,1.0
356,2024-06-04T00:00:00.000Z,175.13,175.19,173.22,174.45,14066602,174.6982751979,174.7581272878,172.792983668,174.0199515119,14066602,0.0,1.0
357,2024-06-05T00:00:00.000Z,177.07,177.97,175.29,176.535,15233861,176.6334927728,177.5312741219,174.8578807711,176.0998116374,15233861,0.0,1.0
358,2024-06-06T00:00:00.000Z,178.35,178.71,177.21,177.43,14255818,177.9103373582,178.2694498979,176.7731476493,176.9926053124,14255818,0.0,1.0
359,2024-06-07T00:00:00.000Z,175.95,179.42,175.79,178.46,14716270,175.5162537605,178.9776996289,175.3566481873,178.0200661898,14716270,0.0,1.0
360,2024-06-10T00:00:00.000Z,176.63,178.47,174.38,176.45,17122247,176.394084413,178.2316268198,174.147089622,176.2143248297,17122247,0.2,1.0
361,2024-06-11T00:00:00.000Z,178.19,178.39,175.44,177.72,14402401,177.9520008014,178.1517336717,175.2056738346,177.4826285562,14402401,0.0,1.0
362,2024-06-12T00:00:00.000Z,179.56,182.08,177.78,179.75,18600421,179.320170963,181.8368051289,177.5425484173,179.5099171898,18600421,0.0,1.0
363,2024-06-13T00:00:00.000Z,176.74,178.51,176.66,177.84,15956941,176.5039374917,178.2715733939,176.4240443435,177.6024682783,15956941,0.0,1.0
364,2024-06-14T00:00:00.000Z,178.37,178.73,175.852,175.852,12361571,178.1317603847,178.4912795512,175.6171235475,175.6171235475,12361571,0.0,1.0
365,2024-06-17T00:00:00.000Z,178.78,179.92,176.49,176.98,15272864,178.5412127688,179.6796901296,176.2542714038,176.743616936,15272864,0.0,1.0
366,2024-06-18T00:00:00.000Z,176.45,178.91,175.62,178.79,15640257,176.2143248297,178.6710391345,175.3854334179,178.5511994123,15640257,0.0,1.0
367,2024-06-20T00:00:00.000Z,177.71,178.74,176.46,176.71,16753166,177.4726419126,178.5012661947,176.2243114732,176.4739775611,16753166,0.0,1.0
368,2024-06-21T00:00:00.000Z,180.26,182.5117,178.06,178.49,59728019,180.0192360091,182.2679285295,177.8221744357,178.2516001069,59728019,0.0,1.0
369,2024-06-24T00:00:00.000Z,180.79,182.08,180.23,181.28,18198282,180.5485281154,181.8368051289,179.9892760785,181.0378736477,18198282,0.0,1.0
370,2024-06-25T00:00:00.000Z,185.58,185.75,181.105,181.145,18917734,185.3321303593,185.5019032991,180.8631073861,180.9030539602,18917734,0.0,1.0
371,2024-06-26T00:00:00.000Z,185.37,185.93,183.99,184.2,13375715,185.1224108455,185.6816628823,183.7442540403,183.9539735542,13375715,0.0,1.0
372,2024-06-27T00:00:00.000Z,186.86,187.5,185.45,185.645,13025656,186.6104207293,187.2495659143,185.2023039936,185.3970435421,13025656,0.0,1.0
373,2024-06-28T00:00:00.000Z,183.42,186.58,183.325,185.72,23032362,183.17501536,186.3307947108,183.0801422466,185.4719433685,23032362,0.0,1.0
374,2024-07-01T00:00:00.000Z,184.49,185.34,182.73,184.48,11815862,184.2435862161,185.0924509149,182.4859369574,184.2335995726,11815862,0.0,1.0
375,2024-07-02T00:00:00.000Z,186.61,186.95,183.06,183.47,12555545,186.3607546414,186.7003005209,182.8154961934,183.2249485775,12555545,0.0,1.0
376,2024-07-03T00:00:00.000Z,187.39,187.62,185.385,186.3,7409106,187.1397128356,187.3694056364,185.1373908107,186.0511686924,7409106,0.0,1.0
377,2024-07-05T00:00:00.000Z,191.96,192.26,187.32,187.32,14303361,191.7036089221,192.0032082276,187.069806331,187.069806331,14303361,0.0,1.0
378,2024-07-08T00:00:00.000Z,190.48,191.6791,189.32,191.365,12097611,190.2255856818,191.4230841058,189.0671350341,191.109403633,12097611,0.0,1.0
379,2024-07-09T00:00:00.000Z,190.44,192.86,190.23,191.75,10224925,190.1856391078,192.6024068385,189.975919594,191.4938894083,10224925,0.0,1.0
380,2024-07-10T00:00:00.000Z,192.66,193.31,190.62,190.75,12052906,192.4026739682,193.0518057967,190.3653986911,190.4952250568,12052906,0.0,1.0
381,2024-07-11T00:00:00.000Z,187.3,192.41,186.82,191.34,16451981,187.0498330439,192.1530078803,186.5704741552,191.0844370242,16451981,0.0,1.0
382,2024-07-12T00:00:00.000Z,186.78,188.69,186.14,186.92,14449113,186.5305275811,188.4379764926,185.8913823962,186.6703405904,14449113,0.0,1.0
383,2024-07-15T00:00:00.000Z,188.19,189.9,186.49,186.49,12186015,187.9386443168,189.646360358,186.2409149192,186.2409149192,12186015,0.0,1.0
384,2024-07-16T00:00:00.000Z,185.5,190.34,185.12,188.96,12760102,185.2522372112,190.0857726726,184.8727447576,188.7076158675,12760102,0.0,1.0
385,2024-07-17T00:00:00.000Z,182.62,185.23,181.62,184.68,17376563,182.3760838787,184.9825978362,181.3774195272,184.4333324429,17376563,0.0,1.0
386,2024-07-18T00:00:00.000Z,179.22,184.05,178.21,183.54,17877197,178.9806250835,183.8041739014,177.9719740884,183.2948550821,17877197,0.0,1.0
387,2024-07-19T00:00:00.000Z,179.39,181.97,178.86,180.37,14485899,179.1503980232,181.7269520502,178.6211059169,180.1290890878,14485899,0.0,1.0
388,2024-07-22T00:00:00.000Z,183.35,184.3,181.9,182.35,16303896,183.1051088553,184.0538399893,181.6570455456,182.1064445038,16303896,0.0,1.0
389,2024-07-23T00:00:00.000Z,183.6,185.22,183.33,183.84,23772602,183.3547749432,184.9726111927,183.0851355683,183.5944543876,23772602,0.0,1.0
390,2024-07-24T00:00:00.000Z,174.37,177.95,173.57,175.39,31250683,174.1371029785,177.712321357,173.3381714973,175.1557406171,31250683,0.0,1.0
391,2024-07-25T00:00:00.000Z,169.16,175.2,169.05,174.25,28967880,168.934061707,174.9659943903,168.8242086283,174.0172632563,28967880,0.0,1.0
392,2024-07-26T00:00:00.000Z,168.68,169.84,165.865,168.77,25150116,168.4547028182,169.613153466,165.6434626686,168.5445826099,25150116,0.0,1.0
393,2024-07-29T00:00:00.000Z,171.13,172.16,169.72,170.5,13768931,170.9014304795,171.9300547616,169.4933137438,170.272271938,13768931,0.0,1.0
394,2024-07-30T00:00:00.000Z,171.86,172.95,170.12,171.83,13681418,171.6304554561,172.7189995993,169.8927794844,171.6004955256,13681418,0.0,1.0
395,2024-07-31T00:00:00.000Z,173.15,175.91,171.72,174.92,15650154,172.9187324696,175.6750460799,171.4906424469,174.6863683718,15650154,0.0,1.0
396,2024-08-01T00:00:00.000Z,172.45,175.68,170.51,171.98,17177833,172.2196674235,175.445353279,170.2822585815,171.7502951783,17177833,0.0,1.0
397,2024-08-02T00:00:00.000Z,168.4,170.21,166.39,168.19,18907773,168.1750767998,169.9826592761,166.1677614532,167.965357286,18907773,0.0,1.0
398,2024-08-05T00:00:00.000Z,160.64,165.94,156.6,157.37,34907815,160.4254414318,165.718362495,156.3908374516,157.1598090023,34907815,0.0,1.0
399,2024-08-06T00:00:00.000Z,160.54,162.35,158.13,160.945,36146541,160.3255749967,162.133157473,157.9187939094,160.730034059,36146541,0.0,1.0
400,2024-08-07T00:00:00.000Z,160.75,164.79,160.24,163.24,19334246,160.5352945105,164.5698984907,160.0259756912,163.0219687458,19334246,0.0,1.0
401,2024-08-08T00:00:00.000Z,163.84,165.5,162.03,162.344,15733612,163.6211673568,165.2789501803,161.8135848805,162.1271654868,15733612,0.0,1.0
402,2024-08-09T00:00:00.000Z,165.39,165.52,160.93,161.645,13549230,165.1690971016,165.2989234673,160.7150540938,161.4290991051,13549230,0.0,1.0
403,2024-08-12T00:00:00.000Z,163.95,166.7,163.55,165.995,12434969,163.7310204354,166.4773474022,163.3315546948,165.7732890343,12434969,0.0,1.0
404,2024-08-13T00:00:00.000Z,165.93,166.54,164.77,165.185,12717628,165.7083758515,166.3175611059,164.5499252037,164.9643709096,12717628,0.0,1.0
405,2024-08-14T00:00:00.000Z,162.03,164.96,159.53,164.21,22515895,161.8135848805,164.7396714305,159.3169240016,163.9906731668,22515895,0.0,1.0
406,2024-08-15T00:00:00.000Z,163.17,163.52,161.49,162.21,18392452,162.9520622412,163.3015947643,161.2743061306,161.9933444637,18392452,0.0,1.0
407,2024-08-16T00:00:00.000Z,164.74,166.95,163.08,163.41,16853137,164.5199652731,166.72701349,162.8621824496,163.1917416856,16853137,0.0,1.0
408,2024-08-19T00:00:00.000Z,168.4,168.47,166.09,167.0,13100762,168.1750767998,168.2449833044,165.8681621477,166.7769467076,13100762,0.0,1.0
409,2024-08-20T00:00:00.000Z,168.96,170.41,168.66,168.74,12622523,168.7343288367,170.1823921464,168.4347295312,168.5146226793,12622523,0.0,1.0
410,2024-08-21T00:00:00.000Z,167.63,168.64,166.57,166.99,15269550,167.4061052491,168.4147562442,166.3475210365,166.7669600641,15269550,0.0,1.0
411,2024-08-22T00:00:00.000Z,165.49,169.42,165.03,169.04,19123778,165.2689635368,169.1937144384,164.8095779351,168.8142219848,19123778,0.0,1.0
412,2024-08-23T00:00:00.000Z,167.43,167.95,165.66,166.55,14281621,167.2063723788,167.7256778416,165.4387364766,166.3275477494,14281621,0.0,1.0
413,2024-08-26T00:00:00.000Z,167.93,169.38,166.32,168.155,11990305,167.7057045546,169.1537678643,166.0978549486,167.9304040337,11990305,0.0,1.0
414,2024-08-27T00:00:00.000Z,166.38,168.245,166.16,167.61,13718162,166.1577748097,168.0202838253,165.9380686523,167.3861319621,13718162,0.0,1.0
415,2024-08-28T00:00:00.000Z,164.5,167.39,163.28,166.78,15208736,164.2802858288,167.1664258047,163.0619153199,166.5572405503,15208736,0.0,1.0
416,2024-08-29T00:00:00.000Z,163.4,167.63,161.982,166.06,17133830,163.1817550421,167.4061052491,161.7656489916,165.8382022172,17133830,0.0,1.0
417,2024-08-30T00:00:00.000Z,165.11,165.28,163.41,164.22,18498777,164.8894710832,165.059244023,163.1917416856,164.0006598103,18498777,0.0,1.0
418,2024-09-03T00:00:00.000Z,158.61,163.38,157.855,163.315,26533110,158.3981527982,163.161781755,157.6441612128,163.0968685722,26533110,0.0,1.0
419,2024-09-04T00:00:00.000Z,157.81,160.4,157.44,158.075,15942997,157.5992213169,160.1857619874,157.2297155069,157.8638673701,15942997,0.0,1.0
420,2024-09-05T00:00:00.000Z,158.6,161.015,157.52,157.78,14139501,158.3881661547,160.7999405636,157.309608655,157.5692613864,14139501,0.0,1.0
421,2024-09-06T00:00:00.000Z,152.13,159.22,151.935,158.69,24999062,151.9268078002,159.0073380526,151.7320682516,158.4780459463,24999062,0.0,1.0
422,2024-09-09T00:00:00.000Z,149.54,154.64,148.2,153.63,28057746,149.54,154.64,148.2,153.63,28057746,0.2,1.0
423,2024-09-10T00:00:00.000Z,150.01,152.3,149.5427,151.45,20401774,150.01,152.3,149.5427,151.45,20401774,0.0,1.0
424,2024-09-11T00:00:00.000Z,152.15,152.48,148.7,151.09,18991486,152.15,152.48,148.7,151.09,18991486,0.0,1.0
425,2024-09-12T00:00:00.000Z,155.54,155.61,153.5,154.81,21024062,155.54,155.61,153.5,154.81,21024062,0.0,1.0
426,2024-09-13T00:00:00.000Z,158.37,159.275,156.11,156.362,16733908,158.37,159.275,156.11,156.362,16733908,0.0,1.0
427,2024-09-16T00:00:00.000Z,158.99,159.24,157.61,158.33,14157614,158.99,159.24,157.61,158.33,14157614,0.0,1.0
428,2024-09-17T00:00:00.000Z,160.28,161.59,159.41,160.09,12064790,160.28,161.59,159.41,160.09,12064790,0.0,1.0
429,2024-09-18T00:00:00.000Z,160.81,161.63,159.66,160.85,16756450,160.81,161.63,159.66,160.85,16756450,0.0,1.0
430,2024-09-19T00:00:00.000Z,163.24,164.99,162.5216,164.82,17548190,163.24,164.99,162.5216,164.82,17548190,0.0,1.0
431,2024-09-20T00:00:00.000Z,164.64,164.75,163.18,164.52,46362673,164.64,164.75,163.18,164.52,46362673,0.0,1.0
432,2024-09-23T00:00:00.000Z,163.07,166.61,162.95,165.34,15648446,163.07,166.61,162.95,165.34,15648446,0.0,1.0
433,2024-09-24T00:00:00.000Z,163.64,164.55,162.03,164.25,18774056,163.64,164.55,162.03,164.25,18774056,0.0,1.0
434,2024-09-25T00:00:00.000Z,162.99,164.217,162.775,162.97,13607892,162.99,164.217,162.775,162.97,13607892,0.0,1.0
435,2024-09-26T00:00:00.000Z,163.83,165.5,163.5,165.03,18234497,163.83,165.5,163.5,165.03,18234497,0.0,1.0
436,2024-09-27T00:00:00.000Z,165.29,166.97,163.83,163.91,13604261,165.29,166.97,163.83,163.91,13604261,0.0,1.0
437,2024-09-30T00:00:00.000Z,167.19,167.36,164.64,164.78,14083451,167.19,167.36,164.64,164.78,14083451,0.0,1.0
438,2024-10-01T00:00:00.000Z,168.42,170.44,165.9,168.86,18629506,168.42,170.44,165.9,168.86,18629506,0.0,1.0
439,2024-10-02T00:00:00.000Z,167.31,168.88,166.25,167.76,12744975,167.31,168.88,166.25,167.76,12744975,0.0,1.0
440,2024-10-03T00:00:00.000Z,167.21,167.91,165.37,165.82,11004333,167.21,167.91,165.37,165.82,11004333,0.0,1.0
441,2024-10-04T00:00:00.000Z,168.56,169.55,166.96,169.34,11435318,168.56,169.55,166.96,169.34,11435318,0.0,1.0
442,2024-10-07T00:00:00.000Z,164.39,169.9,164.13,169.14,14034722,164.39,169.9,164.13,169.14,14034722,0.0,1.0
443,2024-10-08T00:00:00.000Z,165.7,166.1,164.31,165.43,11723885,165.7,166.1,164.31,165.43,11723885,0.0,1.0
444,2024-10-09T00:00:00.000Z,163.06,166.26,161.12,164.855,19666411,163.06,166.26,161.12,164.855,19666411,0.0,1.0
445,2024-10-10T00:00:00.000Z,163.18,164.3107,161.64,162.11,12900492,163.18,164.3107,161.64,162.11,12900492,0.0,1.0
446,2024-10-11T00:00:00.000Z,164.52,165.27,162.5,163.33,10945971,164.52,165.27,162.5,163.33,10945971,0.0,1.0
447,2024-10-14T00:00:00.000Z,166.35,167.62,164.78,164.91,9981765,166.35,167.62,164.78,164.91,9981765,0.0,1.0
448,2024-10-15T00:00:00.000Z,166.9,169.09,166.05,167.14,14829338,166.9,169.09,166.05,167.14,14829338,0.0,1.0
449,2024-10-16T00:00:00.000Z,166.74,167.28,165.216,166.03,9968474,166.74,167.28,165.216,166.03,9968474,0.0,1.0
450,2024-10-17T00:00:00.000Z,164.51,167.93,164.37,167.38,15113356,164.51,167.93,164.37,167.38,15113356,0.0,1.0
451,2024-10-18T00:00:00.000Z,165.05,166.3699,164.75,164.87,13091267,165.05,166.3699,164.75,164.87,13091267,0.0,1.0
452,2024-10-21T00:00:00.000Z,165.8,166.22,164.305,164.58,11384047,165.8,166.22,164.305,164.58,11384047,0.0,1.0
453,2024-10-22T00:00:00.000Z,166.82,167.47,164.67,164.7,11958617,166.82,167.47,164.67,164.7,11958617,0.0,1.0
454,2024-10-23T00:00:00.000Z,164.48,167.6,163.6325,166.43,12754283,164.48,167.6,163.6325,166.43,12754283,0.0,1.0
